run.id,run.name,run.state,run.entity,run.project,run.created_at,run.url,config.loss,config.gamma,config.epochs,config.dataset,config.dropout,config.optimizer,config.scheduler,config.step_size,config.batch_size,config.architecture,config.improvements,config.weight_decay,config.embedding_dim,config.learning_rate,config.similarity_channels,summary._runtime,summary._step,summary._timestamp,summary._wandb,summary.confusion_matrix,summary.best_epoch,summary.best_val_acc,summary.epoch,summary.gradients/conv1.0.bias,summary.gradients/conv1.0.weight,summary.gradients/conv1.1.bias,summary.gradients/conv1.1.weight,summary.gradients/conv2.0.bias,summary.gradients/conv2.0.weight,summary.gradients/conv2.1.bias,summary.gradients/conv2.1.weight,summary.gradients/conv3.0.bias,summary.gradients/conv3.0.weight,summary.gradients/conv3.1.bias,summary.gradients/conv3.1.weight,summary.gradients/conv4.0.bias,summary.gradients/conv4.0.weight,summary.gradients/conv4.1.bias,summary.gradients/conv4.1.weight,summary.gradients/embedding.0.bias,summary.gradients/embedding.0.weight,summary.gradients/embedding.1.bias,summary.gradients/embedding.1.weight,summary.gradients/embedding.4.bias,summary.gradients/embedding.4.weight,summary.gradients/embedding.5.bias,summary.gradients/embedding.5.weight,summary.gradients/similarity_head.0.bias,summary.gradients/similarity_head.0.weight,summary.gradients/similarity_head.3.bias,summary.gradients/similarity_head.3.weight,summary.gradients/similarity_head.6.bias,summary.gradients/similarity_head.6.weight,summary.learning_rate,summary.parameters/conv1.0.bias,summary.parameters/conv1.0.weight,summary.parameters/conv1.1.bias,summary.parameters/conv1.1.weight,summary.parameters/conv2.0.bias,summary.parameters/conv2.0.weight,summary.parameters/conv2.1.bias,summary.parameters/conv2.1.weight,summary.parameters/conv3.0.bias,summary.parameters/conv3.0.weight,summary.parameters/conv3.1.bias,summary.parameters/conv3.1.weight,summary.parameters/conv4.0.bias,summary.parameters/conv4.0.weight,summary.parameters/conv4.1.bias,summary.parameters/conv4.1.weight,summary.parameters/embedding.0.bias,summary.parameters/embedding.0.weight,summary.parameters/embedding.1.bias,summary.parameters/embedding.1.weight,summary.parameters/embedding.4.bias,summary.parameters/embedding.4.weight,summary.parameters/embedding.5.bias,summary.parameters/embedding.5.weight,summary.parameters/similarity_head.0.bias,summary.parameters/similarity_head.0.weight,summary.parameters/similarity_head.3.bias,summary.parameters/similarity_head.3.weight,summary.parameters/similarity_head.6.bias,summary.parameters/similarity_head.6.weight,summary.summary/best_val_acc,summary.summary/fn,summary.summary/fp,summary.summary/precision_diff,summary.summary/precision_same,summary.summary/recall_diff,summary.summary/recall_same,summary.summary/test_acc,summary.summary/test_loss,summary.summary/tn,summary.summary/total_parameters,summary.summary/tp,summary.summary/trainable_parameters,summary.test_acc,summary.test_loss,summary.train_acc,summary.train_loss,summary.training_history,summary.val_acc,summary.val_loss,summary.parameters/graph_2conv1.0.bias,summary.parameters/graph_2conv1.0.weight,summary.parameters/graph_2conv1.1.bias,summary.parameters/graph_2conv1.1.weight,summary.parameters/graph_2conv2.0.bias,summary.parameters/graph_2conv2.0.weight,summary.parameters/graph_2conv2.1.bias,summary.parameters/graph_2conv2.1.weight,summary.parameters/graph_2conv3.0.bias,summary.parameters/graph_2conv3.0.weight,summary.parameters/graph_2conv3.1.bias,summary.parameters/graph_2conv3.1.weight,summary.parameters/graph_2conv4.0.bias,summary.parameters/graph_2conv4.0.weight,summary.parameters/graph_2conv4.1.bias,summary.parameters/graph_2conv4.1.weight,summary.parameters/graph_2embedding.0.bias,summary.parameters/graph_2embedding.0.weight,summary.parameters/graph_2embedding.1.bias,summary.parameters/graph_2embedding.1.weight,summary.parameters/graph_2embedding.4.bias,summary.parameters/graph_2embedding.4.weight,summary.parameters/graph_2embedding.5.bias,summary.parameters/graph_2embedding.5.weight,summary.parameters/graph_2similarity_head.0.bias,summary.parameters/graph_2similarity_head.0.weight,summary.parameters/graph_2similarity_head.3.bias,summary.parameters/graph_2similarity_head.3.weight,summary.parameters/graph_2similarity_head.6.bias,summary.parameters/graph_2similarity_head.6.weight,summary.gradients/graph_2conv1.0.bias,summary.gradients/graph_2conv1.0.weight,summary.gradients/graph_2conv1.1.bias,summary.gradients/graph_2conv1.1.weight,summary.gradients/graph_2conv2.0.bias,summary.gradients/graph_2conv2.0.weight,summary.gradients/graph_2conv2.1.bias,summary.gradients/graph_2conv2.1.weight,summary.gradients/graph_2conv3.0.bias,summary.gradients/graph_2conv3.0.weight,summary.gradients/graph_2conv3.1.bias,summary.gradients/graph_2conv3.1.weight,summary.gradients/graph_2conv4.0.bias,summary.gradients/graph_2conv4.0.weight,summary.gradients/graph_2conv4.1.bias,summary.gradients/graph_2conv4.1.weight,summary.gradients/graph_2embedding.0.bias,summary.gradients/graph_2embedding.0.weight,summary.gradients/graph_2embedding.1.bias,summary.gradients/graph_2embedding.1.weight,summary.gradients/graph_2embedding.4.bias,summary.gradients/graph_2embedding.4.weight,summary.gradients/graph_2embedding.5.bias,summary.gradients/graph_2embedding.5.weight,summary.gradients/graph_2similarity_head.0.bias,summary.gradients/graph_2similarity_head.0.weight,summary.gradients/graph_2similarity_head.3.bias,summary.gradients/graph_2similarity_head.3.weight,summary.gradients/graph_2similarity_head.6.bias,summary.gradients/graph_2similarity_head.6.weight,summary.gradients/fc1.0.bias,summary.gradients/fc1.0.weight,summary.gradients/fc2.0.bias,summary.gradients/fc2.0.weight,summary.parameters/fc1.0.bias,summary.parameters/fc1.0.weight,summary.parameters/fc2.0.bias,summary.parameters/fc2.0.weight,config.dropout_fc,config.augmentation,config.dropout_conv,config.dropout_similarity,summary.gradients/graph_1conv1.0.bias,summary.gradients/graph_1conv1.0.weight,summary.gradients/graph_1conv1.1.bias,summary.gradients/graph_1conv1.1.weight,summary.gradients/graph_1conv2.0.bias,summary.gradients/graph_1conv2.0.weight,summary.gradients/graph_1conv2.1.bias,summary.gradients/graph_1conv2.1.weight,summary.gradients/graph_1conv3.0.bias,summary.gradients/graph_1conv3.0.weight,summary.gradients/graph_1conv3.1.bias,summary.gradients/graph_1conv3.1.weight,summary.gradients/graph_1conv4.0.bias,summary.gradients/graph_1conv4.0.weight,summary.gradients/graph_1conv4.1.bias,summary.gradients/graph_1conv4.1.weight,summary.gradients/graph_1fc1.0.bias,summary.gradients/graph_1fc1.0.weight,summary.gradients/graph_1fc1.1.bias,summary.gradients/graph_1fc1.1.weight,summary.gradients/graph_1similarity_head.0.bias,summary.gradients/graph_1similarity_head.0.weight,summary.gradients/graph_1similarity_head.3.bias,summary.gradients/graph_1similarity_head.3.weight,summary.gradients/graph_2fc1.0.bias,summary.gradients/graph_2fc1.0.weight,summary.gradients/graph_2fc1.1.bias,summary.gradients/graph_2fc1.1.weight,summary.parameters/graph_1conv1.0.bias,summary.parameters/graph_1conv1.0.weight,summary.parameters/graph_1conv1.1.bias,summary.parameters/graph_1conv1.1.weight,summary.parameters/graph_1conv2.0.bias,summary.parameters/graph_1conv2.0.weight,summary.parameters/graph_1conv2.1.bias,summary.parameters/graph_1conv2.1.weight,summary.parameters/graph_1conv3.0.bias,summary.parameters/graph_1conv3.0.weight,summary.parameters/graph_1conv3.1.bias,summary.parameters/graph_1conv3.1.weight,summary.parameters/graph_1conv4.0.bias,summary.parameters/graph_1conv4.0.weight,summary.parameters/graph_1conv4.1.bias,summary.parameters/graph_1conv4.1.weight,summary.parameters/graph_1fc1.0.bias,summary.parameters/graph_1fc1.0.weight,summary.parameters/graph_1fc1.1.bias,summary.parameters/graph_1fc1.1.weight,summary.parameters/graph_1similarity_head.0.bias,summary.parameters/graph_1similarity_head.0.weight,summary.parameters/graph_1similarity_head.3.bias,summary.parameters/graph_1similarity_head.3.weight,summary.parameters/graph_2fc1.0.bias,summary.parameters/graph_2fc1.0.weight,summary.parameters/graph_2fc1.1.bias,summary.parameters/graph_2fc1.1.weight,summary.gradients/fc1.1.bias,summary.gradients/fc1.1.weight,summary.parameters/fc1.1.bias,summary.parameters/fc1.1.weight,config.lr,config.input_size,config.in_channels,config.trainable_params
lcmbq5re,Improve#1-multi-channel-siamese-lfwa,running,orisin-ben-gurion-university-of-the-negev,facial-recognition,2025-12-22T17:33:04Z,https://wandb.ai/orisin-ben-gurion-university-of-the-negev/facial-recognition/runs/lcmbq5re,BCEWithLogitsLoss,0.1,20,LFW Aligned,"0.5 (embedding) / 0.5, 0.4 (similarity head)",Adam,StepLR,10.0,32,Improved Siamese Network,BatchNorm + Multi-Channel Similarity + BCEWithLogitsLoss + Higher Dropout,0.001,512.0,0.0001,L1 + L2 + Cosine + Dot,4.323753083,0.0,1766424789.6922429,{'runtime': 4},"{'_type': 'image-file', 'format': 'png', 'height': 1764, 'path': 'media/images/confusion_matrix_0_2edb0ec0647ac36991fc.png', 'sha256': '2edb0ec0647ac36991fc5f7a952c68332e6e1edf7310b83031ca690b9b472aa9', 'size': 102877, 'width': 2270}",,,,,,,,,,,,,,,,,,,,,,,,,,,,,,,,,,,,,,,,,,,,,,,,,,,,,,,,,,,,,,,,,,,,,,,,,,,,,,,,,,,,,,,,,,,,,,,,,,,,,,,,,,,,,,,,,,,,,,,,,,,,,,,,,,,,,,,,,,,,,,,,,,,,,,,,,,,,,,,,,,,,,,,,,,,,,,,,,,,,,,,,,,,,,,,,,,,,,,,,,,,,,,,,,,,,,,,,,,,,
e0bibsan,Improve#1-multi-channel-siamese-lfwa,finished,orisin-ben-gurion-university-of-the-negev,facial-recognition,2025-12-22T16:55:39Z,https://wandb.ai/orisin-ben-gurion-university-of-the-negev/facial-recognition/runs/e0bibsan,BCEWithLogitsLoss,0.1,20,LFW Aligned,"0.5 (embedding) / 0.5, 0.4 (similarity head)",Adam,StepLR,10.0,32,Improved Siamese Network,BatchNorm + Multi-Channel Similarity + BCEWithLogitsLoss + Higher Dropout,0.001,512.0,0.0001,L1 + L2 + Cosine + Dot,0.0,23.0,1766424450.69957,{'runtime': 0},"{'_type': 'image-file', 'format': 'png', 'height': 1764, 'path': 'media/images/confusion_matrix_22_78e57fb932cb280ea502.png', 'sha256': '78e57fb932cb280ea502615fe440b4ee323ba2083145466fa7385b46c759faff', 'size': 102751, 'width': 2270}",19.0,77.27272727272727,20.0,{'_type': 'histogram'},{'_type': 'histogram'},{'_type': 'histogram'},{'_type': 'histogram'},{'_type': 'histogram'},{'_type': 'histogram'},{'_type': 'histogram'},{'_type': 'histogram'},{'_type': 'histogram'},{'_type': 'histogram'},{'_type': 'histogram'},{'_type': 'histogram'},{'_type': 'histogram'},{'_type': 'histogram'},{'_type': 'histogram'},{'_type': 'histogram'},{'_type': 'histogram'},{'_type': 'histogram'},{'_type': 'histogram'},{'_type': 'histogram'},{'_type': 'histogram'},{'_type': 'histogram'},{'_type': 'histogram'},{'_type': 'histogram'},{'_type': 'histogram'},{'_type': 'histogram'},{'_type': 'histogram'},{'_type': 'histogram'},{'_type': 'histogram'},{'_type': 'histogram'},1.0000000000000002e-06,{'_type': 'histogram'},{'_type': 'histogram'},{'_type': 'histogram'},{'_type': 'histogram'},{'_type': 'histogram'},{'_type': 'histogram'},{'_type': 'histogram'},{'_type': 'histogram'},{'_type': 'histogram'},{'_type': 'histogram'},{'_type': 'histogram'},{'_type': 'histogram'},{'_type': 'histogram'},{'_type': 'histogram'},{'_type': 'histogram'},{'_type': 'histogram'},{'_type': 'histogram'},{'_type': 'histogram'},{'_type': 'histogram'},{'_type': 'histogram'},{'_type': 'histogram'},{'_type': 'histogram'},{'_type': 'histogram'},{'_type': 'histogram'},{'_type': 'histogram'},{'_type': 'histogram'},{'_type': 'histogram'},{'_type': 'histogram'},{'_type': 'histogram'},{'_type': 'histogram'},77.27272727272727,64.0,205.0,0.8217270194986073,0.6801872074882995,0.59,0.872,73.1,0.5313607826828957,295.0,12241089.0,436.0,12241089.0,73.1,0.5313607826828957,75.05681818181819,0.5023923911831596,"{'_type': 'image-file', 'format': 'png', 'height': 1466, 'path': 'media/images/training_history_20_ee77bb9df4b66d25d4c6.png', 'sha256': 'ee77bb9df4b66d25d4c60d3434c364c48917f21914ab3ea15cccc57cea756bab', 'size': 261568, 'width': 4470}",75.22727272727273,0.4977342869554247,,,,,,,,,,,,,,,,,,,,,,,,,,,,,,,,,,,,,,,,,,,,,,,,,,,,,,,,,,,,,,,,,,,,,,,,,,,,,,,,,,,,,,,,,,,,,,,,,,,,,,,,,,,,,,,,,,,,,,,,,,,,,,,,,,,,,,,,
qr43mnht,Improve#1-multi-channel-siamese-lfwa,crashed,orisin-ben-gurion-university-of-the-negev,facial-recognition,2025-12-22T16:51:24Z,https://wandb.ai/orisin-ben-gurion-university-of-the-negev/facial-recognition/runs/qr43mnht,BCEWithLogitsLoss,0.1,20,LFW Aligned,"0.5 (embedding) / 0.5, 0.4 (similarity head)",Adam,StepLR,10.0,32,Improved Siamese Network,BatchNorm + Multi-Channel Similarity + BCEWithLogitsLoss + Higher Dropout,0.001,512.0,0.0001,L1 + L2 + Cosine + Dot,23.994399416,0.0,1766422308.992169,{'runtime': 23},,,,,,,,,,,,,,,,,,,,,,,,,,,,,,,,,,,,,,,,,,,,,,,,,,,,,,,,,,,,,,,,,,,,,,,,,,,,,,,66.2,0.6000690050423145,,,,,,{'_type': 'histogram'},{'_type': 'histogram'},{'_type': 'histogram'},{'_type': 'histogram'},{'_type': 'histogram'},{'_type': 'histogram'},{'_type': 'histogram'},{'_type': 'histogram'},{'_type': 'histogram'},{'_type': 'histogram'},{'_type': 'histogram'},{'_type': 'histogram'},{'_type': 'histogram'},{'_type': 'histogram'},{'_type': 'histogram'},{'_type': 'histogram'},{'_type': 'histogram'},{'_type': 'histogram'},{'_type': 'histogram'},{'_type': 'histogram'},{'_type': 'histogram'},{'_type': 'histogram'},{'_type': 'histogram'},{'_type': 'histogram'},{'_type': 'histogram'},{'_type': 'histogram'},{'_type': 'histogram'},{'_type': 'histogram'},{'_type': 'histogram'},{'_type': 'histogram'},,,,,,,,,,,,,,,,,,,,,,,,,,,,,,,,,,,,,,,,,,,,,,,,,,,,,,,,,,,,,,,,,,,,,,,,,,,,,,,,,,,,,,,,,,,,,,,,,,,,,,,,,,
nplcovvs,Improve#1-multi-channel-siamese-lfwa,finished,orisin-ben-gurion-university-of-the-negev,facial-recognition,2025-12-22T16:51:05Z,https://wandb.ai/orisin-ben-gurion-university-of-the-negev/facial-recognition/runs/nplcovvs,BCEWithLogitsLoss,0.1,20,LFW Aligned,"0.5 (embedding) / 0.5, 0.4 (similarity head)",Adam,StepLR,10.0,32,Improved Siamese Network,BatchNorm + Multi-Channel Similarity + BCEWithLogitsLoss + Higher Dropout,0.001,512.0,0.0001,L1 + L2 + Cosine + Dot,16.0,,,{'runtime': 16},,,,,,,,,,,,,,,,,,,,,,,,,,,,,,,,,,,,,,,,,,,,,,,,,,,,,,,,,,,,,,,,,,,,,,,,,,,,,,,,,,,,,,,,,,,,,,,,,,,,,,,,,,,,,,,,,,,,,,,,,,,,,,,,,,,,,,,,,,,,,,,,,,,,,,,,,,,,,,,,,,,,,,,,,,,,,,,,,,,,,,,,,,,,,,,,,,,,,,,,,,,,,,,,,,,,,,,,,,,,,
i45ujl51,Improve#1-multi-channel-siamese-lfwa,finished,orisin-ben-gurion-university-of-the-negev,facial-recognition,2025-12-22T16:10:18Z,https://wandb.ai/orisin-ben-gurion-university-of-the-negev/facial-recognition/runs/i45ujl51,BCEWithLogitsLoss,0.1,20,LFW Aligned,"0.5 (embedding) / 0.5, 0.4 (similarity head)",Adam,StepLR,10.0,32,Improved Siamese Network,BatchNorm + Multi-Channel Similarity + BCEWithLogitsLoss + Higher Dropout,0.001,512.0,0.0001,L1 + L2 + Cosine + Dot,0.0,23.0,1766421734.406348,{'runtime': 0},"{'_type': 'image-file', 'format': 'png', 'height': 1764, 'path': 'media/images/confusion_matrix_22_393d7577cc074f24effa.png', 'sha256': '393d7577cc074f24effac634e4e80a307c28c176330faa6b06c3a7240c3dd9c0', 'size': 96845, 'width': 2270}",17.0,69.77272727272727,20.0,{'_type': 'histogram'},{'_type': 'histogram'},{'_type': 'histogram'},{'_type': 'histogram'},{'_type': 'histogram'},{'_type': 'histogram'},{'_type': 'histogram'},{'_type': 'histogram'},{'_type': 'histogram'},{'_type': 'histogram'},{'_type': 'histogram'},{'_type': 'histogram'},{'_type': 'histogram'},{'_type': 'histogram'},{'_type': 'histogram'},{'_type': 'histogram'},{'_type': 'histogram'},{'_type': 'histogram'},{'_type': 'histogram'},{'_type': 'histogram'},{'_type': 'histogram'},{'_type': 'histogram'},{'_type': 'histogram'},{'_type': 'histogram'},{'_type': 'histogram'},{'_type': 'histogram'},{'_type': 'histogram'},{'_type': 'histogram'},{'_type': 'histogram'},{'_type': 'histogram'},1.0000000000000002e-06,{'_type': 'histogram'},{'_type': 'histogram'},{'_type': 'histogram'},{'_type': 'histogram'},{'_type': 'histogram'},{'_type': 'histogram'},{'_type': 'histogram'},{'_type': 'histogram'},{'_type': 'histogram'},{'_type': 'histogram'},{'_type': 'histogram'},{'_type': 'histogram'},{'_type': 'histogram'},{'_type': 'histogram'},{'_type': 'histogram'},{'_type': 'histogram'},{'_type': 'histogram'},{'_type': 'histogram'},{'_type': 'histogram'},{'_type': 'histogram'},{'_type': 'histogram'},{'_type': 'histogram'},{'_type': 'histogram'},{'_type': 'histogram'},{'_type': 'histogram'},{'_type': 'histogram'},{'_type': 'histogram'},{'_type': 'histogram'},{'_type': 'histogram'},{'_type': 'histogram'},69.77272727272727,126.0,212.0,0.6956521739130435,0.6382252559726962,0.576,0.748,66.2,0.6000690050423145,288.0,12241089.0,374.0,12241089.0,66.2,0.6000690050423145,62.44318181818182,0.6372065110640093,"{'_type': 'image-file', 'format': 'png', 'height': 1466, 'path': 'media/images/training_history_20_3132caa7c29f5a18892c.png', 'sha256': '3132caa7c29f5a18892cd505fe9274e099ffea7c70a1a58b50a9b64ede62f79b', 'size': 296338, 'width': 4470}",69.54545454545455,0.5834108718803951,,,,,,,,,,,,,,,,,,,,,,,,,,,,,,,,,,,,,,,,,,,,,,,,,,,,,,,,,,,,,,,,,,,,,,,,,,,,,,,,,,,,,,,,,,,,,,,,,,,,,,,,,,,,,,,,,,,,,,,,,,,,,,,,,,,,,,,,
qjn0uz1m,Improve#1-multi-channel-siamese-lfwa,crashed,orisin-ben-gurion-university-of-the-negev,facial-recognition,2025-12-22T15:34:51Z,https://wandb.ai/orisin-ben-gurion-university-of-the-negev/facial-recognition/runs/qjn0uz1m,BCEWithLogitsLoss,0.1,20,LFW Aligned,"0.5 (embedding) / 0.5, 0.4 (similarity head)",Adam,StepLR,10.0,32,Improved Siamese Network,BatchNorm + Multi-Channel Similarity + BCEWithLogitsLoss + Higher Dropout,0.001,512.0,0.0001,L1 + L2 + Cosine + Dot,157.313421625,21.0,1766419754.17034,{'runtime': 157},"{'_type': 'image-file', 'format': 'png', 'height': 1764, 'path': 'media/images/confusion_matrix_21_870e4444e146b54ce2ea.png', 'sha256': '870e4444e146b54ce2ea85912bf2dd61ce61108d1bfbf137835220c02e303277', 'size': 98981, 'width': 2270}",12.0,79.31818181818181,20.0,{'_type': 'histogram'},{'_type': 'histogram'},{'_type': 'histogram'},{'_type': 'histogram'},{'_type': 'histogram'},{'_type': 'histogram'},{'_type': 'histogram'},{'_type': 'histogram'},{'_type': 'histogram'},{'_type': 'histogram'},{'_type': 'histogram'},{'_type': 'histogram'},{'_type': 'histogram'},{'_type': 'histogram'},{'_type': 'histogram'},{'_type': 'histogram'},{'_type': 'histogram'},{'_type': 'histogram'},{'_type': 'histogram'},{'_type': 'histogram'},{'_type': 'histogram'},{'_type': 'histogram'},{'_type': 'histogram'},{'_type': 'histogram'},{'_type': 'histogram'},{'_type': 'histogram'},{'_type': 'histogram'},{'_type': 'histogram'},{'_type': 'histogram'},{'_type': 'histogram'},1.0000000000000002e-06,{'_type': 'histogram'},{'_type': 'histogram'},{'_type': 'histogram'},{'_type': 'histogram'},{'_type': 'histogram'},{'_type': 'histogram'},{'_type': 'histogram'},{'_type': 'histogram'},{'_type': 'histogram'},{'_type': 'histogram'},{'_type': 'histogram'},{'_type': 'histogram'},{'_type': 'histogram'},{'_type': 'histogram'},{'_type': 'histogram'},{'_type': 'histogram'},{'_type': 'histogram'},{'_type': 'histogram'},{'_type': 'histogram'},{'_type': 'histogram'},{'_type': 'histogram'},{'_type': 'histogram'},{'_type': 'histogram'},{'_type': 'histogram'},{'_type': 'histogram'},{'_type': 'histogram'},{'_type': 'histogram'},{'_type': 'histogram'},{'_type': 'histogram'},{'_type': 'histogram'},,,,,,,,,,,,,,77.5,0.4952511158771813,95.79545454545456,0.14285990047183902,,77.5,0.555404103228024,,,,,,,,,,,,,,,,,,,,,,,,,,,,,,,,,,,,,,,,,,,,,,,,,,,,,,,,,,,,,,,,,,,,,,,,,,,,,,,,,,,,,,,,,,,,,,,,,,,,,,,,,,,,,,,,,,,,,,,,,,,,,,,,,,,,,,,,
hqnw88ut,Improve#1-multi-channel-siamese-lfwa,finished,orisin-ben-gurion-university-of-the-negev,facial-recognition,2025-12-19T17:38:54Z,https://wandb.ai/orisin-ben-gurion-university-of-the-negev/facial-recognition/runs/hqnw88ut,BCEWithLogitsLoss,0.1,20,LFW Aligned,,Adam,StepLR,10.0,32,Improved Siamese Network,BatchNorm + Multi-Channel Similarity + BCEWithLogitsLoss,0.0005,512.0,0.0001,L1 + L2 + Cosine + Dot,314.74018120765686,23.0,1766166248.8111272,{'runtime': 226},"{'_type': 'image-file', 'format': 'png', 'height': 1764, 'path': 'media/images/confusion_matrix_22_f1d1a89c330aa183f6e7.png', 'sha256': 'f1d1a89c330aa183f6e7c4a6712b1d400db48868c3c9247dbb0c52b34f1c9ca9', 'size': 113054, 'width': 2270}",18.0,79.54545454545455,20.0,,,,,,,,,,,,,,,,,,,,,,,,,,,,,,,1.0000000000000002e-06,,,,,,,,,,,,,,,,,,,,,,,,,,,,,,,79.54545454545455,88.0,140.0,0.8035714285714286,0.7463768115942029,0.72,0.824,77.2,0.7019743244163692,360.0,12241089.0,412.0,12241089.0,77.2,0.7019743244163692,99.0340909090909,0.036648321354931054,"{'_type': 'image-file', 'format': 'png', 'height': 1466, 'path': 'media/images/training_history_20_9cf2907765ff3bf6b7d4.png', 'sha256': '9cf2907765ff3bf6b7d4415f07ee4ee939bad52d590c9ab6197e056a20c0b8e1', 'size': 279217, 'width': 4470}",79.0909090909091,0.6259205830948693,{'_type': 'histogram'},{'_type': 'histogram'},{'_type': 'histogram'},{'_type': 'histogram'},{'_type': 'histogram'},{'_type': 'histogram'},{'_type': 'histogram'},{'_type': 'histogram'},{'_type': 'histogram'},{'_type': 'histogram'},{'_type': 'histogram'},{'_type': 'histogram'},{'_type': 'histogram'},{'_type': 'histogram'},{'_type': 'histogram'},{'_type': 'histogram'},{'_type': 'histogram'},{'_type': 'histogram'},{'_type': 'histogram'},{'_type': 'histogram'},{'_type': 'histogram'},{'_type': 'histogram'},{'_type': 'histogram'},{'_type': 'histogram'},{'_type': 'histogram'},{'_type': 'histogram'},{'_type': 'histogram'},{'_type': 'histogram'},{'_type': 'histogram'},{'_type': 'histogram'},{'_type': 'histogram'},{'_type': 'histogram'},{'_type': 'histogram'},{'_type': 'histogram'},{'_type': 'histogram'},{'_type': 'histogram'},{'_type': 'histogram'},{'_type': 'histogram'},{'_type': 'histogram'},{'_type': 'histogram'},{'_type': 'histogram'},{'_type': 'histogram'},{'_type': 'histogram'},{'_type': 'histogram'},{'_type': 'histogram'},{'_type': 'histogram'},{'_type': 'histogram'},{'_type': 'histogram'},{'_type': 'histogram'},{'_type': 'histogram'},{'_type': 'histogram'},{'_type': 'histogram'},{'_type': 'histogram'},{'_type': 'histogram'},{'_type': 'histogram'},{'_type': 'histogram'},{'_type': 'histogram'},{'_type': 'histogram'},{'_type': 'histogram'},{'_type': 'histogram'},,,,,,,,,,,,,,,,,,,,,,,,,,,,,,,,,,,,,,,,,,,,,,,,,,,,,,,,,,,,,,,,,,,,,,,,,,,,
5nayd54j,Improve#1-multi-channel-siamese-lfwa,finished,orisin-ben-gurion-university-of-the-negev,facial-recognition,2025-12-19T17:37:20Z,https://wandb.ai/orisin-ben-gurion-university-of-the-negev/facial-recognition/runs/5nayd54j,BCEWithLogitsLoss,0.1,20,LFW Aligned,,Adam,StepLR,10.0,32,Improved Siamese Network,BatchNorm + Multi-Channel Similarity + BCEWithLogitsLoss,0.0005,512.0,0.0001,L1 + L2 + Cosine + Dot,,,,{'runtime': 87},,,,,,,,,,,,,,,,,,,,,,,,,,,,,,,,,,,,,,,,,,,,,,,,,,,,,,,,,,,,,,,,,,,,,,,,,,,,,,,,,,,,,,,,,,,,,,,,,,,,,,,,,,,,,,,,,,,,,,,,,,,,,,,,,,,,,,,,,,,,,,,,,,,,,,,,,,,,,,,,,,,,,,,,,,,,,,,,,,,,,,,,,,,,,,,,,,,,,,,,,,,,,,,,,,,,,,,,,,,,,
xjuvzbur,Improve#1-multi-channel-siamese-lfwa,finished,orisin-ben-gurion-university-of-the-negev,facial-recognition,2025-12-19T17:36:09Z,https://wandb.ai/orisin-ben-gurion-university-of-the-negev/facial-recognition/runs/xjuvzbur,BCEWithLogitsLoss,0.1,20,LFW Aligned,,Adam,StepLR,10.0,32,Improved Siamese Network,BatchNorm + Multi-Channel Similarity + BCEWithLogitsLoss,0.0005,512.0,0.0001,L1 + L2 + Cosine + Dot,,,,{'runtime': 3},,,,,,,,,,,,,,,,,,,,,,,,,,,,,,,,,,,,,,,,,,,,,,,,,,,,,,,,,,,,,,,,,,,,,,,,,,,,,,,,,,,,,,,,,,,,,,,,,,,,,,,,,,,,,,,,,,,,,,,,,,,,,,,,,,,,,,,,,,,,,,,,,,,,,,,,,,,,,,,,,,,,,,,,,,,,,,,,,,,,,,,,,,,,,,,,,,,,,,,,,,,,,,,,,,,,,,,,,,,,,
rcjzlbbw,siamese-network-lfwa,finished,orisin-ben-gurion-university-of-the-negev,facial-recognition,2025-12-19T17:29:27Z,https://wandb.ai/orisin-ben-gurion-university-of-the-negev/facial-recognition/runs/rcjzlbbw,BCE,0.1,20,LFW Aligned,,Adam,StepLR,10.0,32,Siamese Network,,0.0005,,0.0001,,262.8281853199005,23.0,1766165630.2306204,{'runtime': 261},"{'_type': 'image-file', 'format': 'png', 'height': 1764, 'path': 'media/images/confusion_matrix_22_83d73308337d7bce21d2.png', 'sha256': '83d73308337d7bce21d282404992f228526d8c2ecd35115e1e98d106c4cedd68', 'size': 109531, 'width': 2270}",13.0,69.77272727272727,20.0,{'_type': 'histogram'},{'_type': 'histogram'},,,{'_type': 'histogram'},{'_type': 'histogram'},,,{'_type': 'histogram'},{'_type': 'histogram'},,,{'_type': 'histogram'},{'_type': 'histogram'},,,,,,,,,,,,,,,,,1.0000000000000002e-06,{'_type': 'histogram'},{'_type': 'histogram'},,,{'_type': 'histogram'},{'_type': 'histogram'},,,{'_type': 'histogram'},{'_type': 'histogram'},,,{'_type': 'histogram'},{'_type': 'histogram'},,,,,,,,,,,,,,,,,69.77272727272727,163.0,154.0,0.6797642436149313,0.6863543788187373,0.692,0.674,68.3,0.5900506619364023,346.0,38964545.0,337.0,38964545.0,68.3,0.5900506619364023,81.02272727272727,0.42826926545663313,"{'_type': 'image-file', 'format': 'png', 'height': 1466, 'path': 'media/images/training_history_20_b6dbb7ff4da9d302bd23.png', 'sha256': 'b6dbb7ff4da9d302bd235adc58d4fd2b3e8812c4cfa0b6d75aa489baae4cf5b2', 'size': 271241, 'width': 4470}",69.0909090909091,0.5550857548202787,,,,,,,,,,,,,,,,,,,,,,,,,,,,,,,,,,,,,,,,,,,,,,,,,,,,,,,,,,,,,{'_type': 'histogram'},{'_type': 'histogram'},{'_type': 'histogram'},{'_type': 'histogram'},{'_type': 'histogram'},{'_type': 'histogram'},{'_type': 'histogram'},{'_type': 'histogram'},,,,,,,,,,,,,,,,,,,,,,,,,,,,,,,,,,,,,,,,,,,,,,,,,,,,,,,,,,,,,,,,,,,,
bp2p6uy0,Baseline-Overfitting-Config,finished,orisin-ben-gurion-university-of-the-negev,facial-recognition,2025-12-19T17:25:35Z,https://wandb.ai/orisin-ben-gurion-university-of-the-negev/facial-recognition/runs/bp2p6uy0,BCEWithLogits,0.1,20,LFW Aligned,,Adam,StepLR,10.0,32,Siamese Network with BatchNorm + Multi-channel Similarity + Light Regularization + Strong Augmentation,"BASELINE: Light dropout (0.3 FC/similarity, 0.2-0.3 conv), Weight decay (0.001), Strong augmentation - Expected to overfit (~73% test, ~99% train)",0.001,1024.0,0.0001,,32.300870418548584,1.0,1766165167.7962463,{'runtime': 51},,2.0,49.77272727272727,2.0,,,,,,,,,,,,,,,,,,,,,,,,,,,,,,,0.0001,,,,,,,,,,,,,,,,,,,,,,,,,,,,,,,,,,,,,,,,,,,,,,48.63636363636363,0.7966500184752724,,49.77272727272727,0.7006961745875222,,,,,,,,,,,,,,,,,,,,,,,,,,,,,,,,,,,,,,,,,,,,,,,,,,,,,,,,,,,,,,,,,,,,,0.3,"HFlip, Rotation(15°), StrongColorJitter, RandomAffine, RandomErasing(0.3)",0.2-0.3,0.3,,,,,,,,,,,,,,,,,,,,,,,,,,,,,,,,,,,,,,,,,,,,,,,,,,,,,,,,,,,,,,,,
5lh7ez2v,Baseline-Overfitting-Config,finished,orisin-ben-gurion-university-of-the-negev,facial-recognition,2025-12-19T17:19:45Z,https://wandb.ai/orisin-ben-gurion-university-of-the-negev/facial-recognition/runs/5lh7ez2v,BCEWithLogits,0.1,20,LFW Aligned,,Adam,StepLR,10.0,32,Siamese Network with BatchNorm + Multi-channel Similarity + Light Regularization + Strong Augmentation,"BASELINE: Light dropout (0.3 FC/similarity, 0.2-0.3 conv), Weight decay (0.001), Strong augmentation - Expected to overfit (~73% test, ~99% train)",0.001,1024.0,0.0001,,258.3319058418274,23.0,1766165043.2558248,{'runtime': 257},"{'_type': 'image-file', 'format': 'png', 'height': 1764, 'path': 'media/images/confusion_matrix_22_78ecc20a398c72a09268.png', 'sha256': '78ecc20a398c72a09268d02474106325a31c306fc2980d8ab382a5b9bc0e4e50', 'size': 118281, 'width': 2270}",15.0,67.04545454545455,20.0,,,,,,,,,,,,,,,,,,,,,,,,,,,,,,,1.0000000000000002e-06,,,,,,,,,,,,,,,,,,,,,,,,,,,,,,,67.04545454545455,220.0,148.0,0.6153846153846154,0.6542056074766355,0.704,0.56,63.2,0.6418795306235552,352.0,10650049.0,280.0,10650049.0,63.2,0.6418795306235552,57.67045454545455,0.6766391320662065,"{'_type': 'image-file', 'format': 'png', 'height': 1466, 'path': 'media/images/training_history_20_7b00caa8dafac7fbbebc.png', 'sha256': '7b00caa8dafac7fbbebc579fa38b0fefb49b4823496aa67eb88a8d0903827a79', 'size': 310107, 'width': 4470}",63.63636363636363,0.6403719825404031,,,,,,,,,,,,,,,,,,,,,,,,,,,,,,,,,,,,,,,,,,,,,,,,,,,,,,,,,,,,,,,,,,,,,0.3,"HFlip, Rotation(15°), StrongColorJitter, RandomAffine, RandomErasing(0.3)",0.2-0.3,0.3,,,,,,,,,,,,,,,,,,,,,,,,,,,,,,,,,,,,,,,,,,,,,,,,,,,,,,,,,,,,,,,,
8a0uj16o,Baseline-Overfitting-Config,crashed,orisin-ben-gurion-university-of-the-negev,facial-recognition,2025-12-19T17:18:31Z,https://wandb.ai/orisin-ben-gurion-university-of-the-negev/facial-recognition/runs/8a0uj16o,BCEWithLogits,0.1,20,LFW Aligned,,Adam,StepLR,10.0,32,Siamese Network with BatchNorm + Multi-channel Similarity + Light Regularization + Strong Augmentation,"BASELINE: Light dropout (0.3 FC/similarity, 0.2-0.3 conv), Weight decay (0.001), Strong augmentation - Expected to overfit (~73% test, ~99% train)",0.001,1024.0,0.0001,,,,,,,,,,,,,,,,,,,,,,,,,,,,,,,,,,,,,,,,,,,,,,,,,,,,,,,,,,,,,,,,,,,,,,,,,,,,,,,,,,,,,,,,,,,,,,,,,,,,,,,,,,,,,,,,,,,,,,,,,,,,,,,,,,,,,,,,,,,,,,,,,,,,,,,,,,,,,,,0.3,"HFlip, Rotation(15°), StrongColorJitter, RandomAffine, RandomErasing(0.3)",0.2-0.3,0.3,,,,,,,,,,,,,,,,,,,,,,,,,,,,,,,,,,,,,,,,,,,,,,,,,,,,,,,,,,,,,,,,
cnv0dtv2,Improve#4-BalancedReg+Augmentation,finished,orisin-ben-gurion-university-of-the-negev,facial-recognition,2025-12-19T16:59:27Z,https://wandb.ai/orisin-ben-gurion-university-of-the-negev/facial-recognition/runs/cnv0dtv2,BCEWithLogits,0.1,15,LFW Aligned,,Adam,StepLR,10.0,32,Siamese Network with BatchNorm + Multi-channel Similarity + Balanced Regularization + Strong Augmentation,"Balanced approach: Moderate dropout (0.4 FC, 0.3 similarity, 0.2-0.3 conv), Weight decay (0.001), Strong augmentation, Early stopping (patience=8)",0.001,1024.0,0.0001,,231.23149824142456,17.0,1766163797.652743,{'runtime': 220},,6.0,55.22727272727273,14.0,,,,,,,,,,,,,,,,,,,,,,,,,,,,,,,1e-05,,,,,,,,,,,,,,,,,,,,,,,,,,,,,,,,,,,,,,,,,,,,,,54.71590909090909,0.6940307628024708,,52.95454545454545,0.6919614715235574,,,,,,,,,,,,,,,,,,,,,,,,,,,,,,,,,,,,,,,,,,,,,,,,,,,,,,,,,,,,,,,,,,,,,0.4,"HFlip, Rotation(15°), StrongColorJitter, RandomAffine, RandomErasing(0.3)",0.2-0.3,0.3,,,,,,,,,,,,,,,,,,,,,,,,,,,,,,,,,,,,,,,,,,,,,,,,,,,,,,,,,,,,,,,,
nlg0husq,Improve#3-VeryStrongReg+EarlyStopping,finished,orisin-ben-gurion-university-of-the-negev,facial-recognition,2025-12-19T16:55:19Z,https://wandb.ai/orisin-ben-gurion-university-of-the-negev/facial-recognition/runs/nlg0husq,BCEWithLogits,0.1,12,LFW Aligned,,Adam,StepLR,10.0,32,Siamese Network with BatchNorm + Multi-channel Similarity + Very Strong Regularization + Strong Augmentation,"All 3: Very strong dropout (0.7 FC, 0.6 similarity, 0.2-0.3 conv), Weight decay (0.001), Strong augmentation, Reduced epochs (12), Early stopping (8 epochs patience)",0.001,1024.0,0.0001,,166.80586862564087,12.0,1766163485.7635715,{'runtime': 240},,6.0,53.40909090909091,12.0,,,,,,,,,,,,,,,,,,,,,,,,,,,,,,,1e-05,,,,,,,,,,,,,,,,,,,,,,,,,,,,,,,,,,,,,,,,,,,,54.1,0.6837320448830724,53.23863636363637,0.745671744780107,,52.27272727272727,0.6802391324724469,,,,,,,,,,,,,,,,,,,,,,,,,,,,,,,,,,,,,,,,,,,,,,,,,,,,,,,,,,,,,,,,,,,,,0.7,"HFlip, Rotation(15°), StrongColorJitter, RandomAffine, RandomErasing(0.3)",0.2-0.3,0.6,,,,,,,,,,,,,,,,,,,,,,,,,,,,,,,,,,,,,,,,,,,,,,,,,,,,,,,,,,,,,,,,
q44nsumx,Improve#3-VeryStrongReg+EarlyStopping,finished,orisin-ben-gurion-university-of-the-negev,facial-recognition,2025-12-19T16:52:02Z,https://wandb.ai/orisin-ben-gurion-university-of-the-negev/facial-recognition/runs/q44nsumx,BCEWithLogits,0.1,12,LFW Aligned,,Adam,StepLR,10.0,32,Siamese Network with BatchNorm + Multi-channel Similarity + Very Strong Regularization + Strong Augmentation,"All 3: Very strong dropout (0.7 FC, 0.6 similarity, 0.2-0.3 conv), Weight decay (0.001), Strong augmentation, Reduced epochs (12), Early stopping (8 epochs patience)",0.001,1024.0,0.0001,,,,,{'runtime': 1},,,,,,,,,,,,,,,,,,,,,,,,,,,,,,,,,,,,,,,,,,,,,,,,,,,,,,,,,,,,,,,,,,,,,,,,,,,,,,,,,,,,,,,,,,,,,,,,,,,,,,,,,,,,,,,,,,,,,,,,,,,,,,,,,,,,,,,,,,,,,,,,,,,,,,,,,,0.7,"HFlip, Rotation(15°), StrongColorJitter, RandomAffine, RandomErasing(0.3)",0.2-0.3,0.6,,,,,,,,,,,,,,,,,,,,,,,,,,,,,,,,,,,,,,,,,,,,,,,,,,,,,,,,,,,,,,,,
4q1po0ft,Improve#3-FullRegularization+Aug,crashed,orisin-ben-gurion-university-of-the-negev,facial-recognition,2025-12-19T16:47:30Z,https://wandb.ai/orisin-ben-gurion-university-of-the-negev/facial-recognition/runs/4q1po0ft,BCEWithLogits,0.1,12,LFW Aligned,,Adam,StepLR,10.0,32,Siamese Network with BatchNorm + Multi-channel Similarity + Strong Regularization + Strong Augmentation,"All 3: Strong dropout (0.5 FC, 0.2-0.3 conv), Weight decay (0.001), Strong augmentation, Reduced epochs (12)",0.001,1024.0,0.0001,,46.72330117225647,1.0,1766162896.477666,,,1.0,73.18181818181819,2.0,,,,,,,,,,,,,,,,,,,,,,,,,,,,,,,0.0001,,,,,,,,,,,,,,,,,,,,,,,,,,,,,,,,,,,,,,,,,,,,,,94.48863636363636,0.15520213639194316,,70.68181818181819,1.0504902601242063,{'_type': 'histogram'},{'_type': 'histogram'},{'_type': 'histogram'},{'_type': 'histogram'},{'_type': 'histogram'},{'_type': 'histogram'},{'_type': 'histogram'},{'_type': 'histogram'},{'_type': 'histogram'},{'_type': 'histogram'},{'_type': 'histogram'},{'_type': 'histogram'},{'_type': 'histogram'},{'_type': 'histogram'},{'_type': 'histogram'},{'_type': 'histogram'},,,,,,,,,{'_type': 'histogram'},{'_type': 'histogram'},{'_type': 'histogram'},{'_type': 'histogram'},,,{'_type': 'histogram'},{'_type': 'histogram'},{'_type': 'histogram'},{'_type': 'histogram'},{'_type': 'histogram'},{'_type': 'histogram'},{'_type': 'histogram'},{'_type': 'histogram'},{'_type': 'histogram'},{'_type': 'histogram'},{'_type': 'histogram'},{'_type': 'histogram'},{'_type': 'histogram'},{'_type': 'histogram'},{'_type': 'histogram'},{'_type': 'histogram'},,,,,,,,,{'_type': 'histogram'},{'_type': 'histogram'},{'_type': 'histogram'},{'_type': 'histogram'},,,,,,,,,,,0.5,"HFlip, Rotation(15°), StrongColorJitter, RandomAffine, RandomErasing(0.3)",0.2-0.3,,{'_type': 'histogram'},{'_type': 'histogram'},{'_type': 'histogram'},{'_type': 'histogram'},{'_type': 'histogram'},{'_type': 'histogram'},{'_type': 'histogram'},{'_type': 'histogram'},{'_type': 'histogram'},{'_type': 'histogram'},{'_type': 'histogram'},{'_type': 'histogram'},{'_type': 'histogram'},{'_type': 'histogram'},{'_type': 'histogram'},{'_type': 'histogram'},{'_type': 'histogram'},{'_type': 'histogram'},{'_type': 'histogram'},{'_type': 'histogram'},{'_type': 'histogram'},{'_type': 'histogram'},{'_type': 'histogram'},{'_type': 'histogram'},{'_type': 'histogram'},{'_type': 'histogram'},{'_type': 'histogram'},{'_type': 'histogram'},{'_type': 'histogram'},{'_type': 'histogram'},{'_type': 'histogram'},{'_type': 'histogram'},{'_type': 'histogram'},{'_type': 'histogram'},{'_type': 'histogram'},{'_type': 'histogram'},{'_type': 'histogram'},{'_type': 'histogram'},{'_type': 'histogram'},{'_type': 'histogram'},{'_type': 'histogram'},{'_type': 'histogram'},{'_type': 'histogram'},{'_type': 'histogram'},{'_type': 'histogram'},{'_type': 'histogram'},{'_type': 'histogram'},{'_type': 'histogram'},{'_type': 'histogram'},{'_type': 'histogram'},{'_type': 'histogram'},{'_type': 'histogram'},{'_type': 'histogram'},{'_type': 'histogram'},{'_type': 'histogram'},{'_type': 'histogram'},,,,,,,,
ojxhnwt5,Improve#2-StrongRegularization,finished,orisin-ben-gurion-university-of-the-negev,facial-recognition,2025-12-19T16:42:41Z,https://wandb.ai/orisin-ben-gurion-university-of-the-negev/facial-recognition/runs/ojxhnwt5,BCEWithLogits,0.1,20,LFW Aligned,,Adam,StepLR,10.0,32,Siamese Network with BatchNorm + Multi-channel Similarity + Strong Regularization,"BatchNorm, Multi-channel similarity, Strong dropout (0.5 FC, 0.2-0.3 conv), Higher weight decay (0.001)",0.001,1024.0,0.0001,,204.62841796875,19.0,1766162765.983759,{'runtime': 199},,8.0,75.22727272727273,20.0,,,,,,,,,,,,,,,,,,,,,,,,,,,,,,,1.0000000000000002e-06,,,,,,,,,,,,,,,,,,,,,,,,,,,,,,,,,,,,,,,,,,,,,,99.4318181818182,0.029461871722543782,,75.0,0.7420405447483063,,,,,,,,,,,,,,,,,,,,,,,,,,,,,,,,,,,,,,,,,,,,,,,,,,,,,,,,,,,,,,,,,,,,,0.5,,0.2-0.3,,{'_type': 'histogram'},{'_type': 'histogram'},{'_type': 'histogram'},{'_type': 'histogram'},{'_type': 'histogram'},{'_type': 'histogram'},{'_type': 'histogram'},{'_type': 'histogram'},{'_type': 'histogram'},{'_type': 'histogram'},{'_type': 'histogram'},{'_type': 'histogram'},{'_type': 'histogram'},{'_type': 'histogram'},{'_type': 'histogram'},{'_type': 'histogram'},{'_type': 'histogram'},{'_type': 'histogram'},{'_type': 'histogram'},{'_type': 'histogram'},{'_type': 'histogram'},{'_type': 'histogram'},{'_type': 'histogram'},{'_type': 'histogram'},,,,,{'_type': 'histogram'},{'_type': 'histogram'},{'_type': 'histogram'},{'_type': 'histogram'},{'_type': 'histogram'},{'_type': 'histogram'},{'_type': 'histogram'},{'_type': 'histogram'},{'_type': 'histogram'},{'_type': 'histogram'},{'_type': 'histogram'},{'_type': 'histogram'},{'_type': 'histogram'},{'_type': 'histogram'},{'_type': 'histogram'},{'_type': 'histogram'},{'_type': 'histogram'},{'_type': 'histogram'},{'_type': 'histogram'},{'_type': 'histogram'},{'_type': 'histogram'},{'_type': 'histogram'},{'_type': 'histogram'},{'_type': 'histogram'},,,,,,,,,,,,
9ou6x57u,Improve#1,finished,orisin-ben-gurion-university-of-the-negev,facial-recognition,2025-12-19T16:34:32Z,https://wandb.ai/orisin-ben-gurion-university-of-the-negev/facial-recognition/runs/9ou6x57u,BCEWithLogits,0.1,20,LFW Aligned,,Adam,StepLR,10.0,32,Siamese Network with BatchNorm + Multi-channel Similarity,"BatchNorm, Multi-channel similarity head, Reduced embedding dim",0.0005,1024.0,0.0001,,287.4046800136566,23.0,1766162360.056197,{'runtime': 260},"{'_type': 'image-file', 'format': 'png', 'height': 1764, 'path': 'media/images/confusion_matrix_22_86ebedd7cf65e45f6ff3.png', 'sha256': '86ebedd7cf65e45f6ff3e69b5c3e4fb7e6b775f1ea7d34c3d3b8e98ce8b700c4', 'size': 117036, 'width': 2270}",12.0,75.0,20.0,{'_type': 'histogram'},{'_type': 'histogram'},{'_type': 'histogram'},{'_type': 'histogram'},{'_type': 'histogram'},{'_type': 'histogram'},{'_type': 'histogram'},{'_type': 'histogram'},{'_type': 'histogram'},{'_type': 'histogram'},{'_type': 'histogram'},{'_type': 'histogram'},{'_type': 'histogram'},{'_type': 'histogram'},{'_type': 'histogram'},{'_type': 'histogram'},,,,,,,,,{'_type': 'histogram'},{'_type': 'histogram'},{'_type': 'histogram'},{'_type': 'histogram'},,,1.0000000000000002e-06,{'_type': 'histogram'},{'_type': 'histogram'},{'_type': 'histogram'},{'_type': 'histogram'},{'_type': 'histogram'},{'_type': 'histogram'},{'_type': 'histogram'},{'_type': 'histogram'},{'_type': 'histogram'},{'_type': 'histogram'},{'_type': 'histogram'},{'_type': 'histogram'},{'_type': 'histogram'},{'_type': 'histogram'},{'_type': 'histogram'},{'_type': 'histogram'},,,,,,,,,{'_type': 'histogram'},{'_type': 'histogram'},{'_type': 'histogram'},{'_type': 'histogram'},,,75.0,38.0,233.0,0.8754098360655738,0.6647482014388489,0.534,0.924,72.9,0.8163895870093256,267.0,11699649.0,462.0,11699649.0,72.9,0.8163895870093256,98.97727272727272,0.04194159387526187,"{'_type': 'image-file', 'format': 'png', 'height': 1466, 'path': 'media/images/training_history_20_a93aa3dd81ea9d6dcb1d.png', 'sha256': 'a93aa3dd81ea9d6dcb1ddc56181f915f9c61707e26ce9706e22e321875da42eb', 'size': 256106, 'width': 4470}",73.4090909090909,0.7463755863053458,,,,,,,,,,,,,,,,,,,,,,,,,,,,,,,,,,,,,,,,,,,,,,,,,,,,,,,,,,,,,{'_type': 'histogram'},{'_type': 'histogram'},,,{'_type': 'histogram'},{'_type': 'histogram'},,,,,,,,,,,,,,,,,,,,,,,,,,,,,,,,,,,,,,,,,,,,,,,,,,,,,,,,,,,,,,,{'_type': 'histogram'},{'_type': 'histogram'},{'_type': 'histogram'},{'_type': 'histogram'},,,,
fg3yp8lj,siamese-network-lfwa,finished,orisin-ben-gurion-university-of-the-negev,facial-recognition,2025-12-15T13:00:45Z,https://wandb.ai/orisin-ben-gurion-university-of-the-negev/facial-recognition/runs/fg3yp8lj,BCE,0.1,20,LFW Aligned,,Adam,StepLR,10.0,32,Siamese Network,,0.0005,,0.0001,,266.4676549434662,23.0,1765803912.33743,{'runtime': 265},"{'_type': 'image-file', 'format': 'png', 'height': 1764, 'path': 'media/images/confusion_matrix_22_83d73308337d7bce21d2.png', 'sha256': '83d73308337d7bce21d282404992f228526d8c2ecd35115e1e98d106c4cedd68', 'size': 109531, 'width': 2270}",13.0,69.77272727272727,20.0,{'_type': 'histogram'},{'_type': 'histogram'},,,{'_type': 'histogram'},{'_type': 'histogram'},,,{'_type': 'histogram'},{'_type': 'histogram'},,,{'_type': 'histogram'},{'_type': 'histogram'},,,,,,,,,,,,,,,,,1.0000000000000002e-06,{'_type': 'histogram'},{'_type': 'histogram'},,,{'_type': 'histogram'},{'_type': 'histogram'},,,{'_type': 'histogram'},{'_type': 'histogram'},,,{'_type': 'histogram'},{'_type': 'histogram'},,,,,,,,,,,,,,,,,69.77272727272727,163.0,154.0,0.6797642436149313,0.6863543788187373,0.692,0.674,68.3,0.5900506619364023,346.0,38964545.0,337.0,38964545.0,68.3,0.5900506619364023,81.02272727272727,0.42826926545663313,"{'_type': 'image-file', 'format': 'png', 'height': 1466, 'path': 'media/images/training_history_20_b6dbb7ff4da9d302bd23.png', 'sha256': 'b6dbb7ff4da9d302bd235adc58d4fd2b3e8812c4cfa0b6d75aa489baae4cf5b2', 'size': 271241, 'width': 4470}",69.0909090909091,0.5550857548202787,,,,,,,,,,,,,,,,,,,,,,,,,,,,,,,,,,,,,,,,,,,,,,,,,,,,,,,,,,,,,{'_type': 'histogram'},{'_type': 'histogram'},{'_type': 'histogram'},{'_type': 'histogram'},{'_type': 'histogram'},{'_type': 'histogram'},{'_type': 'histogram'},{'_type': 'histogram'},,,,,,,,,,,,,,,,,,,,,,,,,,,,,,,,,,,,,,,,,,,,,,,,,,,,,,,,,,,,,,,,,,,,
oo1cw0wv,siamese-network-lfwa,crashed,orisin-ben-gurion-university-of-the-negev,facial-recognition,2025-12-15T12:18:01Z,https://wandb.ai/orisin-ben-gurion-university-of-the-negev/facial-recognition/runs/oo1cw0wv,BCE,0.1,20,LFW Aligned,,Adam,StepLR,10.0,32,Siamese Network,,0.0005,,0.0001,,13.578336715698242,0.0,1765801095.4984667,,,,,1.0,{'_type': 'histogram'},{'_type': 'histogram'},,,{'_type': 'histogram'},{'_type': 'histogram'},,,{'_type': 'histogram'},{'_type': 'histogram'},,,{'_type': 'histogram'},{'_type': 'histogram'},,,,,,,,,,,,,,,,,0.0001,{'_type': 'histogram'},{'_type': 'histogram'},,,{'_type': 'histogram'},{'_type': 'histogram'},,,{'_type': 'histogram'},{'_type': 'histogram'},,,{'_type': 'histogram'},{'_type': 'histogram'},,,,,,,,,,,,,,,,,,,,,,,,,,,,,,,,53.80681818181818,0.6775192542509599,,56.36363636363637,0.659657712493624,,,,,,,,,,,,,,,,,,,,,,,,,,,,,,,,,,,,,,,,,,,,,,,,,,,,,,,,,,,,,{'_type': 'histogram'},{'_type': 'histogram'},{'_type': 'histogram'},{'_type': 'histogram'},{'_type': 'histogram'},{'_type': 'histogram'},{'_type': 'histogram'},{'_type': 'histogram'},,,,,,,,,,,,,,,,,,,,,,,,,,,,,,,,,,,,,,,,,,,,,,,,,,,,,,,,,,,,,,,,,,,,
1qi7d6bz,siamese-network-lfwa,crashed,orisin-ben-gurion-university-of-the-negev,facial-recognition,2025-12-15T12:16:37Z,https://wandb.ai/orisin-ben-gurion-university-of-the-negev/facial-recognition/runs/1qi7d6bz,BCE,0.1,20,LFW Aligned,,Adam,StepLR,10.0,32,Siamese Network,,0.0005,,0.0001,,13.79056167602539,0.0,1765801011.5644927,,,,,1.0,{'_type': 'histogram'},{'_type': 'histogram'},,,{'_type': 'histogram'},{'_type': 'histogram'},,,{'_type': 'histogram'},{'_type': 'histogram'},,,{'_type': 'histogram'},{'_type': 'histogram'},,,,,,,,,,,,,,,,,0.0001,{'_type': 'histogram'},{'_type': 'histogram'},,,{'_type': 'histogram'},{'_type': 'histogram'},,,{'_type': 'histogram'},{'_type': 'histogram'},,,{'_type': 'histogram'},{'_type': 'histogram'},,,,,,,,,,,,,,,,,,,,,,,,,,,,,,,,53.80681818181818,0.6775192542509599,,56.36363636363637,0.659657712493624,,,,,,,,,,,,,,,,,,,,,,,,,,,,,,,,,,,,,,,,,,,,,,,,,,,,,,,,,,,,,{'_type': 'histogram'},{'_type': 'histogram'},{'_type': 'histogram'},{'_type': 'histogram'},{'_type': 'histogram'},{'_type': 'histogram'},{'_type': 'histogram'},{'_type': 'histogram'},,,,,,,,,,,,,,,,,,,,,,,,,,,,,,,,,,,,,,,,,,,,,,,,,,,,,,,,,,,,,,,,,,,,
a44js0f5,siamese-koch2015,crashed,orisin-ben-gurion-university-of-the-negev,facial-recognition,2025-12-15T10:52:12Z,https://wandb.ai/orisin-ben-gurion-university-of-the-negev/facial-recognition/runs/a44js0f5,BCEWithLogitsLoss,,50,,,Adam,,,128,Koch2015_Fig4_weightedL1,,0.0,4096.0,,,,,,,,,,,,,,,,,,,,,,,,,,,,,,,,,,,,,,,,,,,,,,,,,,,,,,,,,,,,,,,,,,,,,,,,,,,,,,,,,,,,,,,,,,,,,,,,,,,,,,,,,,,,,,,,,,,,,,,,,,,,,,,,,,,,,,,,,,,,,,,,,,,,,,,,,,,,,,,,,,,,,,,,,,,,,,,,,,,,,,,,,,,,,,,,,,,,,,,,,,,,,,,,,,,,,,,,,,,,,,,,0.001,105.0,1.0,38951745.0
